product_name,product_price,product_images,product_hyperlinks
Nike Women Revolution 6 Running,3695,"https://assets.myntassets.com/f_webp,dpr_1.0,q_60,w_210,c_limit,fl_progressive/assets/images/15385018/2023/12/13/dfb783f3-e79e-422c-a201-3ea95e50236d1702451307034NikeWomenBlackRevolution6NextNatureRunningShoes2.jpg",https://www.myntra.com/sports-shoes/nike/nike-women-black-revolution-6-next-nature-running-shoes/15385018/buy
Nike Women Downshifter 13 Road,4295,"https://assets.myntassets.com/f_webp,dpr_1.0,q_60,w_210,c_limit,fl_progressive/assets/images/27972478/2024/3/1/4e66b654-77db-4494-9177-ac30f868e8bc1709288245258NikeDownshifter13WomensRoadRunningShoes1.jpg",https://www.myntra.com/sports-shoes/nike/nike-women-downshifter-13-road-running-shoes/27972478/buy
Nike Women Downshifter 13 Road,4295,"https://assets.myntassets.com/f_webp,dpr_1.0,q_60,w_210,c_limit,fl_progressive/assets/images/27972510/2024/3/1/7407a268-53c4-4813-ba84-0362624e00e41709294024030NikeDownshifter13WomensRoadRunningShoes5.jpg",https://www.myntra.com/sports-shoes/nike/nike-women-downshifter-13-road-running-shoes/27972510/buy
Nike Invincible 3 Men Running Shoes,16995,"https://assets.myntassets.com/f_webp,dpr_1.0,q_60,w_210,c_limit,fl_progressive/assets/images/28282932/2024/3/15/cd0d8928-1538-445b-b376-19fa1d54b3441710444748145NikeInvincible3MensRoadRunningShoes1.jpg",https://www.myntra.com/sports-shoes/nike/nike-invincible-3-mens-road-running-shoes/28282932/buy
Nike Downshifter 12 Running Shoes,3995,"https://assets.myntassets.com/f_webp,dpr_1.0,q_60,w_210,c_limit,fl_progressive/assets/images/25057512/2023/10/10/94245133-bede-414f-8f56-d9efba74f8351696911757044-Nike-Women-Textured-Road-Running-Sports-Shoes-67316969117567-1.jpg",https://www.myntra.com/sports-shoes/nike/nike-women-downshifter-12-textured-road-running-sports-shoes/25057512/buy
Nike Women DS 12 Running Shoes,3995,"https://assets.myntassets.com/f_webp,dpr_1.0,q_60,w_210,c_limit,fl_progressive/assets/images/18800802/2023/12/13/4ade447d-9d78-4c70-9d82-a057c395deac1702461218753NikeWomenBlackDOWNSHIFTER12RunningShoes1.jpg",https://www.myntra.com/sports-shoes/nike/nike-women-black-downshifter-12-running-shoes/18800802/buy
Nike Revolution 7 Road Running Shoe,3695,"https://assets.myntassets.com/f_webp,dpr_1.0,q_60,w_210,c_limit,fl_progressive/assets/images/25205554/2023/9/28/7adc7651-7e1a-4dda-90b9-b9b7ba4e99ab1695875632464NikeRoadRunningSportsShoes1.jpg",https://www.myntra.com/sports-shoes/nike/nike-women-revolution-7-road-running-shoes/25205554/buy
Nike Vomero 17 Men's Shoes,14995, ,https://www.myntra.com/sports-shoes/nike/nike-vomero-17-mens-road-running-shoes/28282998/buy
Nike Flex Experience Run 12 Shoes,4995, ,https://www.myntra.com/sports-shoes/nike/nike-flex-experience-run-12-womens-road-running-shoes/28423376/buy
Nike Flex Experience Run 12 Shoes,4995, ,https://www.myntra.com/sports-shoes/nike/nike-flex-experience-run-12-womens-road-running-shoes/28282934/buy
Nike SB Alleyoop Skate Shoes,6495, ,https://www.myntra.com/casual-shoes/nike/nike-sb-alleyoop-skate-shoes/28282390/buy
Nike Jumpman MVP Men's Shoes,15295, ,https://www.myntra.com/casual-shoes/nike/nike-jumpman-mvp-mens-shoes/28282442/buy
Nike Men Air Force 1 '07 Sneakers,8195, ,https://www.myntra.com/casual-shoes/nike/nike-men-air-force-1-07-sneakers-/25052700/buy
Nike Men MC Trainer 2 Workout Shoes,5695, ,https://www.myntra.com/sports-shoes/nike/nike-men-mc-trainer-2-workout-shoes/27972506/buy
Nike Men Court Royale 2 NN Sneakers,3995, ,https://www.myntra.com/casual-shoes/nike/nike-men-white-court-royale-2-next-nature-sneakers/16046064/buy
Nike SB Heritage Vulc Skate Shoes,5495, ,https://www.myntra.com/casual-shoes/nike/nike-unisex-sb-heritage-vulc-skate-shoes/28282394/buy
Nike Court Vision Mid Next Shoes,5995, ,https://www.myntra.com/casual-shoes/nike/nike-court-vision-mid-next-nature-mens-shoes/28421972/buy
Nike Men Jumpman MVP Sneakers,15295, ,https://www.myntra.com/casual-shoes/nike/nike-men-jumpman-mvp-sneakers/27306940/buy
Nike Men Jordan Stay Loyal Sneakers,10295, ,https://www.myntra.com/casual-shoes/nike/nike-men-jordan-stay-loyal-3-sneakers/27306846/buy
Nike Air Max Dn Men's Shoes,13995, ,https://www.myntra.com/casual-shoes/nike/nike-air-max-dn-mens-shoes/28410676/buy
Nike Men Air Force 1 '07 LX Sneaker,11895, ,https://www.myntra.com/casual-shoes/nike/nike-men-air-force-1-07-lx-sneakers/27578492/buy
Nike Men Air Jordan 1 Zoom Sneakers,13295, ,https://www.myntra.com/casual-shoes/nike/nike-men-air-jordan-1-zoom-cmft-2-sneakers/27306878/buy
Nike Men COURT ROYALE 2 Sneakers,3995, ,https://www.myntra.com/casual-shoes/nike/nike-men-white-solid-court-royale-2-next-nature-sneakers/15386860/buy
Nike Men Air Jordan 5 Retro Shoes,19295, ,https://www.myntra.com/casual-shoes/nike/nike-men-air-jordan-5-retro-shoes/28108710/buy
Nike SB Alleyoop Women's Skate Shoe,6295, ,https://www.myntra.com/casual-shoes/nike/nike-sb-alleyoop-womens-skate-shoe/28468822/buy
Nike Men's Air Force 1 '07 LV8,10795, ,https://www.myntra.com/casual-shoes/nike/nike-mens-air-force-1-07-lv8/26727588/buy
Nike Men Killshot Leather Sneakers,7995, ,https://www.myntra.com/casual-shoes/nike/nike-men-killshot-2-leather-sneakers/23441362/buy
Nike Air Max Excee Men's Shoes,8695, ,https://www.myntra.com/casual-shoes/nike/nike-air-max-excee-mens-shoes/28422004/buy
Nike Jordan Max Aura 5 Men's Shoes,11895, ,https://www.myntra.com/casual-shoes/nike/nike-jordan-max-aura-5-mens-shoes/28282430/buy
Nike Zoom Vomero 5 Men's Shoes,14995, ,https://www.myntra.com/casual-shoes/nike/nike-zoom-vomero-5-mens-shoes/28282420/buy
Nike Women Air Force 1 Shadow Sneak,8995, ,https://www.myntra.com/casual-shoes/nike/nike-women-air-force-1-shadow-sneakers/27969930/buy
Nike Men Dunk Low Retro Sneakers,8695, ,https://www.myntra.com/casual-shoes/nike/nike-men-dunk-low-retro-sneakers/27306874/buy
Nike Men Air Max 97 SE Shoes,16995, ,https://www.myntra.com/casual-shoes/nike/nike-men-air-max-97-se-shoes/27306944/buy
Nike Structure 25 Men's Shoes,11895, ,https://www.myntra.com/sports-shoes/nike/nike-structure-25-mens-road-running-shoes/28283002/buy
